<?xml version="1.0" encoding="UTF-8"?>
<Processes>
    
    <Process id="82" name="Cologne" type="Petri Netz">
        
        <Node height="40.0" id="2667" type="petri net transition" width="40.0" x="100.0" y="100.0">
            <Label>
                Apply Online
                send paper provid
                us util emploi
            </Label>
        </Node>
        
        
        <Node height="40.0" id="2668" type="petri net transition" width="40.0" x="100.0" y="100.0">
            <Label>
                Send Online Protocol
                appli onlin send protocol
                forward paper via internet
            </Label>
        </Node>
        
        
        <Node height="40.0" id="2669" type="petri net transition" width="40.0" x="100.0" y="100.0">
            <Label>
                Send Documents by Post
                mail paper offic
                send accept reward
            </Label>
        </Node>
        
        
        <Node height="40.0" id="2670" type="petri net transition" width="40.0" x="100.0" y="100.0">
            <Label>
                Documents received
                send onlin protocol document
                paper come get
            </Label>
        </Node>
        
        
        <Node height="40.0" id="2671" type="petri net transition" width="40.0" x="100.0" y="100.0">
            <Label>
                Check Documents
                send document post check evalu
                check verifi control
            </Label>
        </Node>
        
        
        <Node height="40.0" id="2672" type="petri net transition" width="40.0" x="100.0" y="100.0">
            <Label>
                Evaluate
                valid confirm address
                examin paper count
            </Label>
        </Node>
        
        
        <Node height="40.0" id="2673" type="petri net transition" width="40.0" x="100.0" y="100.0">
            <Label>
                Invite to an aptitude test
                invit test failur
                test class teacher
            </Label>
        </Node>
        
        
        <Node height="40.0" id="2674" type="petri net transition" width="40.0" x="100.0" y="100.0">
            <Label>
                Keep in the Applicant pool
                confirm establish countri
                process examin payment
            </Label>
        </Node>
        
        
        <Node height="40.0" id="2675" type="petri net transition" width="40.0" x="100.0" y="100.0">
            <Label>
                Take Aptitude test
                confirm establish countri
                process examin payment
            </Label>
        </Node>
        
        
        <Node height="40.0" id="2676" type="petri net transition" width="40.0" x="100.0" y="100.0">
            <Label>
                Rank Students according to GPA and the test results
                confirm establish countri
                process rank result
            </Label>
        </Node>
        
        
        <Node height="40.0" id="2679" type="petri net transition" width="40.0" x="100.0" y="100.0">
            <Label>
                Pay for Aptitude test
                test invit applic
                price monei procedur
            </Label>
        </Node>
        
        
        <Node height="40.0" id="2683" type="petri net transition" width="40.0" x="100.0" y="100.0">
            <Label>
                Acceptance
                revok reject bad
                result accept procedur
            </Label>
        </Node>
        
        
        <Node height="40.0" id="2684" type="petri net transition" width="40.0" x="100.0" y="100.0">
            <Label>
                Send letter of rejection
                repuls paper document
                rank student accept reject
            </Label>
        </Node>
        
    </Process>
    
    
    <Process id="83" name="Frankfurt" type="Petri Netz">
        
        <Node height="40.0" id="2687" type="petri net transition" width="40.0" x="100.0" y="100.0">
            <Label>
                average grade is good or better
                level degre confirm
                perform action level
            </Label>
        </Node>
        
        
        <Node height="40.0" id="2688" type="petri net transition" width="40.0" x="100.0" y="100.0">
            <Label>
                sufficient cp in mathematics
                suffici take oral exam evalu
                cp mathemat exam
            </Label>
        </Node>
        
        
        <Node height="40.0" id="2689" type="petri net transition" width="40.0" x="100.0" y="100.0">
            <Label>
                average grade is less than good
                averag grade good better
                stand rate rank
            </Label>
        </Node>
        
        
        <Node height="40.0" id="2690" type="petri net transition" width="40.0" x="100.0" y="100.0">
            <Label>
                send documents by post
                email document letter
                forward credenti mail
            </Label>
        </Node>
        
        
        <Node height="40.0" id="2691" type="petri net transition" width="40.0" x="100.0" y="100.0">
            <Label>
                apply online
                confirm establish countri
                process result evalu
            </Label>
        </Node>
        
        
        <Node height="40.0" id="2692" type="petri net transition" width="40.0" x="100.0" y="100.0">
            <Label>
                provisional acceptance confirmed
                applic accept evalu
                averag grade less than good better
            </Label>
        </Node>
        
        
        <Node height="40.0" id="2693" type="petri net transition" width="40.0" x="100.0" y="100.0">
            <Label>
                provisional acceptance cancelled
                averag grade good better accept confirm
                reject preliminari no
            </Label>
        </Node>
        
        
        <Node height="40.0" id="2694" type="petri net transition" width="40.0" x="100.0" y="100.0">
            <Label>
                send letter of acceptance
                send letter reject accept
                send letter accept
            </Label>
        </Node>
        
        
        <Node height="40.0" id="2695" type="petri net transition" width="40.0" x="100.0" y="100.0">
            <Label>
                send letter of provisional acceptance
                process result degre
                forward paper preliminari
            </Label>
        </Node>
        
        
        <Node height="40.0" id="2696" type="petri net transition" width="40.0" x="100.0" y="100.0">
            <Label>
                accepted
                letter applic invit
                send letter of reject accept reject accept
            </Label>
        </Node>
        
        
        <Node height="40.0" id="2697" type="petri net transition" width="40.0" x="100.0" y="100.0">
            <Label>
                rejected
                unaccept reject deni
                reject reject discard
            </Label>
        </Node>
        
        
        <Node height="40.0" id="2698" type="petri net transition" width="40.0" x="100.0" y="100.0">
            <Label>
                accepted provisionally
                confirm establish countri
                process evalu result
            </Label>
        </Node>
        
        
        <Node height="40.0" id="2699" type="petri net transition" width="40.0" x="100.0" y="100.0">
            <Label>
                wait for bachelor's certificate
                document accept degre
                send letter of provision accept
            </Label>
        </Node>
        
        
        <Node height="40.0" id="2700" type="petri net transition" width="40.0" x="100.0" y="100.0">
            <Label>
                certificate received
                send certif email
                authent diploma bag
            </Label>
        </Node>
        
        
        <Node height="40.0" id="2701" type="petri net transition" width="40.0" x="100.0" y="100.0">
            <Label>
                send bachelor's certificate
                process evalu result
                forward paper degre
            </Label>
        </Node>
        
        
        <Node height="40.0" id="2702" type="petri net transition" width="40.0" x="100.0" y="100.0">
            <Label>
                certificate received
                email send certif
                document acquir confirm
            </Label>
        </Node>
        
        
        <Node height="40.0" id="2703" type="petri net transition" width="40.0" x="100.0" y="100.0">
            <Label>
                check certificate
                certif recommend valid
                check document licenc
            </Label>
        </Node>
        
        
        <Node height="40.0" id="2704" type="petri net transition" width="40.0" x="100.0" y="100.0">
            <Label>
                less than 16 cp in mathematics
                math exam school
                rate point subject
            </Label>
        </Node>
        
        
        <Node height="40.0" id="2705" type="petri net transition" width="40.0" x="100.0" y="100.0">
            <Label>
                take oral exam
                revok reject bad
                reexamin pass cp result
            </Label>
        </Node>
        
        
        <Node height="40.0" id="2706" type="petri net transition" width="40.0" x="100.0" y="100.0">
            <Label>
                documents received
                mail paper destin
                receiv receiv accept
            </Label>
        </Node>
        
        
        <Node height="40.0" id="2707" type="petri net transition" width="40.0" x="100.0" y="100.0">
            <Label>
                check documents
                document inform applic
                examin paper data
            </Label>
        </Node>
        
        
        <Node height="40.0" id="2708" type="petri net transition" width="40.0" x="100.0" y="100.0">
            <Label>
                evaluate
                result mark valid
                examin check estim
            </Label>
        </Node>
        
        
        <Node height="40.0" id="2709" type="petri net transition" width="40.0" x="100.0" y="100.0">
            <Label>
                send letter of rejection
                letter reject accept
                reject reject refus
            </Label>
        </Node>
        
    </Process>
    
    
    <Process id="84" name="FU Berlin" type="Petri Netz">
        
        <Node height="40.0" id="2710" type="petri net transition" width="40.0" x="100.0" y="100.0">
            <Label>
                complete and in time?
                time complet deadlin
                complet fillin implement
            </Label>
        </Node>
        
        
        <Node height="40.0" id="2711" type="petri net transition" width="40.0" x="100.0" y="100.0">
            <Label>
                hand application over to examining board
                execut board verif
                provid paper author
            </Label>
        </Node>
        
        
        <Node height="40.0" id="2712" type="petri net transition" width="40.0" x="100.0" y="100.0">
            <Label>
                check if bachelor is sufficient
                degre establish confirm
                certifi inquir necessari
            </Label>
        </Node>
        
        
        <Node height="40.0" id="2713" type="petri net transition" width="40.0" x="100.0" y="100.0">
            <Label>
                set additional requirements
                hand applic examin board
                more criteria propos
            </Label>
        </Node>
        
        
        <Node height="40.0" id="2714" type="petri net transition" width="40.0" x="100.0" y="100.0">
            <Label>
                check if bachelors-grade within top 85%
                elig screen interview
                find examin check
            </Label>
        </Node>
        
        
        <Node height="40.0" id="2715" type="petri net transition" width="40.0" x="100.0" y="100.0">
            <Label>
                check application complete
                send receiv check applic complet valid confirm
                find check control
            </Label>
        </Node>
        
        
        <Node height="40.0" id="2716" type="petri net transition" width="40.0" x="100.0" y="100.0">
            <Label>
                add certificate of bachelor degree
                revok reject bad
                mother tongu nation
            </Label>
        </Node>
        
        
        <Node height="40.0" id="2717" type="petri net transition" width="40.0" x="100.0" y="100.0">
            <Label>
                check application in time
                hour minut second
                examin fulfil paper
            </Label>
        </Node>
        
        
        <Node height="40.0" id="2718" type="petri net transition" width="40.0" x="100.0" y="100.0">
            <Label>
                german?
                languag translat german
                german german german
            </Label>
        </Node>
        
        
        <Node height="40.0" id="2719" type="petri net transition" width="40.0" x="100.0" y="100.0">
            <Label>
                receive application
                job interview appli
                receiv come document
            </Label>
        </Node>
        
        
        <Node height="40.0" id="2720" type="petri net transition" width="40.0" x="100.0" y="100.0">
            <Label>
                send application
                request petit requisit
                fill out applic form send
            </Label>
        </Node>
        
        
        <Node height="40.0" id="2721" type="petri net transition" width="40.0" x="100.0" y="100.0">
            <Label>
                receive rejection
                reject accept fail
                email come document
            </Label>
        </Node>
        
        
        <Node height="40.0" id="2722" type="petri net transition" width="40.0" x="100.0" y="100.0">
            <Label>
                add certificate of german language
                applic certif form
                provid paper foreign
            </Label>
        </Node>
        
        
        <Node height="40.0" id="2723" type="petri net transition" width="40.0" x="100.0" y="100.0">
            <Label>
                receive acceptance
                send accept reject receiv immatricul
                send accept immatricul
            </Label>
        </Node>
        
        
        <Node height="40.0" id="2724" type="petri net transition" width="40.0" x="100.0" y="100.0">
            <Label>
                immatriculate
                process registrar enrol
                immatricul immatricul immatricul
            </Label>
        </Node>
        
        
        <Node height="40.0" id="2725" type="petri net transition" width="40.0" x="100.0" y="100.0">
            <Label>
                invite for talk
                interview invit background check
                speak convers room
            </Label>
        </Node>
        
        
        <Node height="40.0" id="2726" type="petri net transition" width="40.0" x="100.0" y="100.0">
            <Label>
                talk to applicant
                convers entranc evalu
                check if bachelor grade invit for talk
            </Label>
        </Node>
        
        
        <Node height="40.0" id="2727" type="petri net transition" width="40.0" x="100.0" y="100.0">
            <Label>
                document
                evalu applic test
                invit for talk applic document rank with other
            </Label>
        </Node>
        
        
        <Node height="40.0" id="2728" type="petri net transition" width="40.0" x="100.0" y="100.0">
            <Label>
                rank with other applicants
                document rank applic reject
                rank applic other
            </Label>
        </Node>
        
        
        <Node height="40.0" id="2729" type="petri net transition" width="40.0" x="100.0" y="100.0">
            <Label>
                send acceptance
                send email accept
                forward accept articl
            </Label>
        </Node>
        
        
        <Node height="40.0" id="2730" type="petri net transition" width="40.0" x="100.0" y="100.0">
            <Label>
                complete application
                finish success fulfil
                finish end evalu
            </Label>
        </Node>
        
        
        <Node height="40.0" id="2731" type="petri net transition" width="40.0" x="100.0" y="100.0">
            <Label>
                send rejection
                denial document process
                send forward dispatch
            </Label>
        </Node>
        
        
        <Node height="40.0" id="2732" type="petri net transition" width="40.0" x="100.0" y="100.0">
            <Label>
                fill out application form
                mother tongu nation process
                paper write insert data
            </Label>
        </Node>
        
    </Process>
    
    
    <Process id="89" name="TU Munich" type="Petri Netz">
        
        <Node height="40.0" id="2883" type="petri net transition" width="40.0" x="100.0" y="100.0">
            <Label>
                rejected
                denial negat neg
                reject reject accept
            </Label>
        </Node>
        
        
        <Node height="40.0" id="2884" type="petri net transition" width="40.0" x="100.0" y="100.0">
            <Label>
                documents received
                exhibit paper taken
                appli onlin send document post receiv
            </Label>
        </Node>
        
        
        <Node height="40.0" id="2885" type="petri net transition" width="40.0" x="100.0" y="100.0">
            <Label>
                send documents by post
                document postal mail doc
                send forward dispatch
            </Label>
        </Node>
        
        
        <Node height="40.0" id="2886" type="petri net transition" width="40.0" x="100.0" y="100.0">
            <Label>
                apply online
                revok reject bad
                procedur applic form
            </Label>
        </Node>
        
        
        <Node height="40.0" id="2887" type="petri net transition" width="40.0" x="100.0" y="100.0">
            <Label>
                evaluate
                verif process result
                examin estim check
            </Label>
        </Node>
        
        
        <Node height="40.0" id="2888" type="petri net transition" width="40.0" x="100.0" y="100.0">
            <Label>
                send letter of acceptance
                letter send accept
                forward note accept
            </Label>
        </Node>
        
        
        <Node height="40.0" id="2889" type="petri net transition" width="40.0" x="100.0" y="100.0">
            <Label>
                send letter of rejection
                send reject accept reject
                accept letter reject
            </Label>
        </Node>
        
        
        <Node height="40.0" id="2890" type="petri net transition" width="40.0" x="100.0" y="100.0">
            <Label>
                send interview invitation
                meet camera confirm place
                transmit give audienc invit
            </Label>
        </Node>
        
        
        <Node height="40.0" id="2891" type="petri net transition" width="40.0" x="100.0" y="100.0">
            <Label>
                conduct interview
                interview nomine talk
                do execut convers
            </Label>
        </Node>
        
        
        <Node height="40.0" id="2892" type="petri net transition" width="40.0" x="100.0" y="100.0">
            <Label>
                go to interview
                job interview particip work
                arriv question interview
            </Label>
        </Node>
        
        
        <Node height="40.0" id="2893" type="petri net transition" width="40.0" x="100.0" y="100.0">
            <Label>
                rejected
                revok reject bad
                confirm result procedur
            </Label>
        </Node>
        
        
        <Node height="40.0" id="2894" type="petri net transition" width="40.0" x="100.0" y="100.0">
            <Label>
                check bachelor's degree
                appli send document confirm graduat degre
                control check find
            </Label>
        </Node>
        
        
        <Node height="40.0" id="2895" type="petri net transition" width="40.0" x="100.0" y="100.0">
            <Label>
                bridging courses &gt; 30 cp
                progress grade rhumb
                document receiv bridg evalu
            </Label>
        </Node>
        
        
        <Node height="40.0" id="2896" type="petri net transition" width="40.0" x="100.0" y="100.0">
            <Label>
                bridging courses &lt; 30 cp
                advanc path bridg
                bridg check document forward
            </Label>
        </Node>
        
        
        <Node height="40.0" id="2897" type="petri net transition" width="40.0" x="100.0" y="100.0">
            <Label>
                check documents
                valid confirm verifi
                paper confirm verifi
            </Label>
        </Node>
        
        
        <Node height="40.0" id="2898" type="petri net transition" width="40.0" x="100.0" y="100.0">
            <Label>
                forward documents
                move ahead paper
                forward send dispatch
            </Label>
        </Node>
        
        
        <Node height="40.0" id="2899" type="petri net transition" width="40.0" x="100.0" y="100.0">
            <Label>
                documents received
                pass merit evalu process
                paper arriv come
            </Label>
        </Node>
        
    </Process>
    
</Processes>