<?xml version="1.0" encoding="UTF-8"?>

<!-- 
Matches extracted from:
https://docs.google.com/spreadsheets/d/1_It6HEX7i2qy_qiRjUOjI9qdze-pDdc1Ny0L2nPMBtQ/edit#gid=919059224
-->

<!--
Activty names always follow the pairing order

Symbols:
	matches: ==
	<-is part of: <POF
	is part of->: POF>
-->

<!-- This file contains only MATCH relationships -->

<ProcessPairs>

	<!-- Cologne-Frankfurt (82-83) -->
	<ProcessPair process1="82" process2="83">
		
		<!-- "Send Documents by Post" == "send documents by post" -->
		<Cluster>
			<Node id="2669" process="82"/>
			<Node id="2690" process="83"/>
		</Cluster>

		<!-- "Documents received" == "documents received" -->
		<Cluster>
			<Node id="2670" process="82"/>
			<Node id="2706" process="83"/>
		</Cluster>

		<!-- "Check Documents" == "check documents" -->
		<Cluster>
			<Node id="2671" process="82"/>
			<Node id="2707" process="83"/>
		</Cluster>

		<!-- "Rank Students according to GPA and the test results" == "evaluate" -->
		<Cluster>
			<Node id="2676" process="82"/>
			<Node id="2708" process="83"/>
		</Cluster>

	</ProcessPair>

	<!-- Cologne-Berlin (82-84) -->
	<ProcessPair process1="82" process2="84">

		<!-- "Documents received" == "receive application" -->
		<Cluster>
			<Node id="2670" process="82"/>
			<Node id="2719" process="84"/>
		</Cluster>

		<!-- "Invite to an aptitude test" == "invite for talk" -->
		<Cluster>
			<Node id="2673" process="82"/>
			<Node id="2725" process="84"/>
		</Cluster>

		<!-- "Rank Students according to GA and the test results" == "rank with other applicants" -->
		<Cluster>
			<Node id="2676" process="82"/>
			<Node id="2728" process="84"/>
		</Cluster>

	</ProcessPair>

	<!-- Frankfurt-Munich (83-89) -->
	<ProcessPair process1="83" process2="89">
		
		<!-- "apply online" == "apply online" -->
		<Cluster>
			<Node id="2691" process="83"/>
			<Node id="2886" process="89"/>
		</Cluster>

		<!-- "send documents by post" == "send documents by post" -->
		<Cluster>
			<Node id="2690" process="83"/>
			<Node id="2885" process="89"/>
		</Cluster>

		<!-- "documents received" == "documents received (1)" -->
		<Cluster>
			<Node id="2706" process="83"/>
			<Node id="2884" process="89"/>
		</Cluster>

		<!-- "send letter of acceptance" == "send letter of acceptance" -->
		<Cluster>
			<Node id="2694" process="83"/>
			<Node id="2888" process="89"/>
		</Cluster>

		<!-- "accepted" == "rejected (accepted?)" -->
		<!-- Note: In 89 after "Send letter of acceptance" comes "Rejected", probably a typo-->
		<Cluster>
			<Node id="2696" process="83"/>
			<Node id="2883" process="89"/>
		</Cluster>

		<!-- "send letter of rejection" == "send letter of rejection" -->
		<Cluster>
			<Node id="2709" process="83"/>
			<Node id="2889" process="89"/>
		</Cluster>

		<!-- "rejected" == "rejected" -->
		<Cluster>
			<Node id="2697" process="83"/>
			<Node id="2893" process="89"/>
		</Cluster>

	</ProcessPair>

</ProcessPairs>