<?xml version="1.0" encoding="UTF-8"?>
<Processes>
    
    <Process id="82" name="Cologne" type="Petri Netz">
        
        <Node height="40.0" id="2667" type="petri net transition" width="40.0" x="100.0" y="100.0">
            <Label>
                Apply Online
            </Label>
        </Node>
        
        
        <Node height="40.0" id="2668" type="petri net transition" width="40.0" x="100.0" y="100.0">
            <Label>
                Send Online Protocol
            </Label>
        </Node>
        
        
        <Node height="40.0" id="2669" type="petri net transition" width="40.0" x="100.0" y="100.0">
            <Label>
                Send Documents by Post
                mail paper
            </Label>
        </Node>
        
        
        <Node height="40.0" id="2670" type="petri net transition" width="40.0" x="100.0" y="100.0">
            <Label>
                Documents received
            </Label>
        </Node>
        
        
        <Node height="40.0" id="2671" type="petri net transition" width="40.0" x="100.0" y="100.0">
            <Label>
                Check Documents
                send check
            </Label>
        </Node>
        
        
        <Node height="40.0" id="2672" type="petri net transition" width="40.0" x="100.0" y="100.0">
            <Label>
                Evaluate
            </Label>
        </Node>
        
        
        <Node height="40.0" id="2673" type="petri net transition" width="40.0" x="100.0" y="100.0">
            <Label>
                Invite to an aptitude test
                test
            </Label>
        </Node>
        
        
        <Node height="40.0" id="2674" type="petri net transition" width="40.0" x="100.0" y="100.0">
            <Label>
                Keep in the Applicant pool
            </Label>
        </Node>
        
        
        <Node height="40.0" id="2675" type="petri net transition" width="40.0" x="100.0" y="100.0">
            <Label>
                Take Aptitude test
                confirm establish
            </Label>
        </Node>
        
        
        <Node height="40.0" id="2676" type="petri net transition" width="40.0" x="100.0" y="100.0">
            <Label>
                Rank Students according to GPA and the test results
            </Label>
        </Node>
        
        
        <Node height="40.0" id="2679" type="petri net transition" width="40.0" x="100.0" y="100.0">
            <Label>
                Pay for Aptitude test
                test
            </Label>
        </Node>
        
        
        <Node height="40.0" id="2683" type="petri net transition" width="40.0" x="100.0" y="100.0">
            <Label>
                Acceptance
            </Label>
        </Node>
        
        
        <Node height="40.0" id="2684" type="petri net transition" width="40.0" x="100.0" y="100.0">
            <Label>
                Send letter of rejection
            </Label>
        </Node>
        
    </Process>
    
    
    <Process id="83" name="Frankfurt" type="Petri Netz">
        
        <Node height="40.0" id="2687" type="petri net transition" width="40.0" x="100.0" y="100.0">
            <Label>
                average grade is good or better
                level
            </Label>
        </Node>
        
        
        <Node height="40.0" id="2688" type="petri net transition" width="40.0" x="100.0" y="100.0">
            <Label>
                sufficient cp in mathematics
                exam
            </Label>
        </Node>
        
        
        <Node height="40.0" id="2689" type="petri net transition" width="40.0" x="100.0" y="100.0">
            <Label>
                average grade is less than good
            </Label>
        </Node>
        
        
        <Node height="40.0" id="2690" type="petri net transition" width="40.0" x="100.0" y="100.0">
            <Label>
                send documents by post
            </Label>
        </Node>
        
        
        <Node height="40.0" id="2691" type="petri net transition" width="40.0" x="100.0" y="100.0">
            <Label>
                apply online
            </Label>
        </Node>
        
        
        <Node height="40.0" id="2692" type="petri net transition" width="40.0" x="100.0" y="100.0">
            <Label>
                provisional acceptance confirmed
            </Label>
        </Node>
        
        
        <Node height="40.0" id="2693" type="petri net transition" width="40.0" x="100.0" y="100.0">
            <Label>
                provisional acceptance cancelled
            </Label>
        </Node>
        
        
        <Node height="40.0" id="2694" type="petri net transition" width="40.0" x="100.0" y="100.0">
            <Label>
                send letter of acceptance
                send letter accept
            </Label>
        </Node>
        
        
        <Node height="40.0" id="2695" type="petri net transition" width="40.0" x="100.0" y="100.0">
            <Label>
                send letter of provisional acceptance
            </Label>
        </Node>
        
        
        <Node height="40.0" id="2696" type="petri net transition" width="40.0" x="100.0" y="100.0">
            <Label>
                accepted
                letter
            </Label>
        </Node>
        
        
        <Node height="40.0" id="2697" type="petri net transition" width="40.0" x="100.0" y="100.0">
            <Label>
                rejected
                reject
            </Label>
        </Node>
        
        
        <Node height="40.0" id="2698" type="petri net transition" width="40.0" x="100.0" y="100.0">
            <Label>
                accepted provisionally
            </Label>
        </Node>
        
        
        <Node height="40.0" id="2699" type="petri net transition" width="40.0" x="100.0" y="100.0">
            <Label>
                wait for bachelor's certificate
                accept
            </Label>
        </Node>
        
        
        <Node height="40.0" id="2700" type="petri net transition" width="40.0" x="100.0" y="100.0">
            <Label>
                certificate received
                authent
            </Label>
        </Node>
        
        
        <Node height="40.0" id="2701" type="petri net transition" width="40.0" x="100.0" y="100.0">
            <Label>
                send bachelor's certificate
                degre
            </Label>
        </Node>
        
        
        <Node height="40.0" id="2702" type="petri net transition" width="40.0" x="100.0" y="100.0">
            <Label>
                certificate received
            </Label>
        </Node>
        
        
        <Node height="40.0" id="2703" type="petri net transition" width="40.0" x="100.0" y="100.0">
            <Label>
                check certificate
                licenc
            </Label>
        </Node>
        
        
        <Node height="40.0" id="2704" type="petri net transition" width="40.0" x="100.0" y="100.0">
            <Label>
                less than 16 cp in mathematics
            </Label>
        </Node>
        
        
        <Node height="40.0" id="2705" type="petri net transition" width="40.0" x="100.0" y="100.0">
            <Label>
                take oral exam
            </Label>
        </Node>
        
        
        <Node height="40.0" id="2706" type="petri net transition" width="40.0" x="100.0" y="100.0">
            <Label>
                documents received
                paper
            </Label>
        </Node>
        
        
        <Node height="40.0" id="2707" type="petri net transition" width="40.0" x="100.0" y="100.0">
            <Label>
                check documents
            </Label>
        </Node>
        
        
        <Node height="40.0" id="2708" type="petri net transition" width="40.0" x="100.0" y="100.0">
            <Label>
                evaluate
            </Label>
        </Node>
        
        
        <Node height="40.0" id="2709" type="petri net transition" width="40.0" x="100.0" y="100.0">
            <Label>
                send letter of rejection
                letter reject
            </Label>
        </Node>
        
    </Process>
    
    
    <Process id="84" name="FU Berlin" type="Petri Netz">
        
        <Node height="40.0" id="2710" type="petri net transition" width="40.0" x="100.0" y="100.0">
            <Label>
                complete and in time?
                time complet
            </Label>
        </Node>
        
        
        <Node height="40.0" id="2711" type="petri net transition" width="40.0" x="100.0" y="100.0">
            <Label>
                hand application over to examining board
            </Label>
        </Node>
        
        
        <Node height="40.0" id="2712" type="petri net transition" width="40.0" x="100.0" y="100.0">
            <Label>
                check if bachelor is sufficient
                confirm
            </Label>
        </Node>
        
        
        <Node height="40.0" id="2713" type="petri net transition" width="40.0" x="100.0" y="100.0">
            <Label>
                set additional requirements
            </Label>
        </Node>
        
        
        <Node height="40.0" id="2714" type="petri net transition" width="40.0" x="100.0" y="100.0">
            <Label>
                check if bachelors-grade within top 85%
            </Label>
        </Node>
        
        
        <Node height="40.0" id="2715" type="petri net transition" width="40.0" x="100.0" y="100.0">
            <Label>
                check application complete
                send check
            </Label>
        </Node>
        
        
        <Node height="40.0" id="2716" type="petri net transition" width="40.0" x="100.0" y="100.0">
            <Label>
                add certificate of bachelor degree
            </Label>
        </Node>
        
        
        <Node height="40.0" id="2717" type="petri net transition" width="40.0" x="100.0" y="100.0">
            <Label>
                check application in time
            </Label>
        </Node>
        
        
        <Node height="40.0" id="2718" type="petri net transition" width="40.0" x="100.0" y="100.0">
            <Label>
                german?
                german
            </Label>
        </Node>
        
        
        <Node height="40.0" id="2719" type="petri net transition" width="40.0" x="100.0" y="100.0">
            <Label>
                receive application
            </Label>
        </Node>
        
        
        <Node height="40.0" id="2720" type="petri net transition" width="40.0" x="100.0" y="100.0">
            <Label>
                send application
            </Label>
        </Node>
        
        
        <Node height="40.0" id="2721" type="petri net transition" width="40.0" x="100.0" y="100.0">
            <Label>
                receive rejection
            </Label>
        </Node>
        
        
        <Node height="40.0" id="2722" type="petri net transition" width="40.0" x="100.0" y="100.0">
            <Label>
                add certificate of german language
            </Label>
        </Node>
        
        
        <Node height="40.0" id="2723" type="petri net transition" width="40.0" x="100.0" y="100.0">
            <Label>
                receive acceptance
                send accept immatricul
            </Label>
        </Node>
        
        
        <Node height="40.0" id="2724" type="petri net transition" width="40.0" x="100.0" y="100.0">
            <Label>
                immatriculate
                immatricul
            </Label>
        </Node>
        
        
        <Node height="40.0" id="2725" type="petri net transition" width="40.0" x="100.0" y="100.0">
            <Label>
                invite for talk
            </Label>
        </Node>
        
        
        <Node height="40.0" id="2726" type="petri net transition" width="40.0" x="100.0" y="100.0">
            <Label>
                talk to applicant
            </Label>
        </Node>
        
        
        <Node height="40.0" id="2727" type="petri net transition" width="40.0" x="100.0" y="100.0">
            <Label>
                document
                applic
            </Label>
        </Node>
        
        
        <Node height="40.0" id="2728" type="petri net transition" width="40.0" x="100.0" y="100.0">
            <Label>
                rank with other applicants
                rank applic
            </Label>
        </Node>
        
        
        <Node height="40.0" id="2729" type="petri net transition" width="40.0" x="100.0" y="100.0">
            <Label>
                send acceptance
                accept
            </Label>
        </Node>
        
        
        <Node height="40.0" id="2730" type="petri net transition" width="40.0" x="100.0" y="100.0">
            <Label>
                complete application
                finish
            </Label>
        </Node>
        
        
        <Node height="40.0" id="2731" type="petri net transition" width="40.0" x="100.0" y="100.0">
            <Label>
                send rejection
                forward
            </Label>
        </Node>
        
        
        <Node height="40.0" id="2732" type="petri net transition" width="40.0" x="100.0" y="100.0">
            <Label>
                fill out application form
                data
            </Label>
        </Node>
        
    </Process>
    
    
    <Process id="89" name="TU Munich" type="Petri Netz">
        
        <Node height="40.0" id="2883" type="petri net transition" width="40.0" x="100.0" y="100.0">
            <Label>
                rejected
            </Label>
        </Node>
        
        
        <Node height="40.0" id="2884" type="petri net transition" width="40.0" x="100.0" y="100.0">
            <Label>
                documents received
            </Label>
        </Node>
        
        
        <Node height="40.0" id="2885" type="petri net transition" width="40.0" x="100.0" y="100.0">
            <Label>
                send documents by post
                document send
            </Label>
        </Node>
        
        
        <Node height="40.0" id="2886" type="petri net transition" width="40.0" x="100.0" y="100.0">
            <Label>
                apply online
            </Label>
        </Node>
        
        
        <Node height="40.0" id="2887" type="petri net transition" width="40.0" x="100.0" y="100.0">
            <Label>
                evaluate
            </Label>
        </Node>
        
        
        <Node height="40.0" id="2888" type="petri net transition" width="40.0" x="100.0" y="100.0">
            <Label>
                send letter of acceptance
                accept
            </Label>
        </Node>
        
        
        <Node height="40.0" id="2889" type="petri net transition" width="40.0" x="100.0" y="100.0">
            <Label>
                send letter of rejection
                accept
            </Label>
        </Node>
        
        
        <Node height="40.0" id="2890" type="petri net transition" width="40.0" x="100.0" y="100.0">
            <Label>
                send interview invitation
            </Label>
        </Node>
        
        
        <Node height="40.0" id="2891" type="petri net transition" width="40.0" x="100.0" y="100.0">
            <Label>
                conduct interview
                talk
            </Label>
        </Node>
        
        
        <Node height="40.0" id="2892" type="petri net transition" width="40.0" x="100.0" y="100.0">
            <Label>
                go to interview
                interview
            </Label>
        </Node>
        
        
        <Node height="40.0" id="2893" type="petri net transition" width="40.0" x="100.0" y="100.0">
            <Label>
                rejected
            </Label>
        </Node>
        
        
        <Node height="40.0" id="2894" type="petri net transition" width="40.0" x="100.0" y="100.0">
            <Label>
                check bachelor's degree
                send
            </Label>
        </Node>
        
        
        <Node height="40.0" id="2895" type="petri net transition" width="40.0" x="100.0" y="100.0">
            <Label>
                bridging courses &gt; 30 cp
            </Label>
        </Node>
        
        
        <Node height="40.0" id="2896" type="petri net transition" width="40.0" x="100.0" y="100.0">
            <Label>
                bridging courses &lt; 30 cp
                bridg
            </Label>
        </Node>
        
        
        <Node height="40.0" id="2897" type="petri net transition" width="40.0" x="100.0" y="100.0">
            <Label>
                check documents
                confirm verifi
            </Label>
        </Node>
        
        
        <Node height="40.0" id="2898" type="petri net transition" width="40.0" x="100.0" y="100.0">
            <Label>
                forward documents
                paper send
            </Label>
        </Node>
        
        
        <Node height="40.0" id="2899" type="petri net transition" width="40.0" x="100.0" y="100.0">
            <Label>
                documents received
                paper
            </Label>
        </Node>
        
    </Process>
    
</Processes>