<?xml version="1.0" encoding="UTF-8"?>
<Processes>
    
    <Process id="82" name="Cologne" type="Petri Netz">
        
        <Node height="40.0" id="2667" type="petri net transition" width="40.0" x="100.0" y="100.0">
            <Label>
                Apply Online
                send papers provide
            </Label>
        </Node>
        
        
        <Node height="40.0" id="2668" type="petri net transition" width="40.0" x="100.0" y="100.0">
            <Label>
                Send Online Protocol
                apply online send protocol
            </Label>
        </Node>
        
        
        <Node height="40.0" id="2669" type="petri net transition" width="40.0" x="100.0" y="100.0">
            <Label>
                Send Documents by Post
                mail papers office
            </Label>
        </Node>
        
        
        <Node height="40.0" id="2670" type="petri net transition" width="40.0" x="100.0" y="100.0">
            <Label>
                Documents received
                send online protocol documents
            </Label>
        </Node>
        
        
        <Node height="40.0" id="2671" type="petri net transition" width="40.0" x="100.0" y="100.0">
            <Label>
                Check Documents
                send documents post check evaluate
            </Label>
        </Node>
        
        
        <Node height="40.0" id="2672" type="petri net transition" width="40.0" x="100.0" y="100.0">
            <Label>
                Evaluate
                validate confirm address
            </Label>
        </Node>
        
        
        <Node height="40.0" id="2673" type="petri net transition" width="40.0" x="100.0" y="100.0">
            <Label>
                Invite to an aptitude test
                invitation test failure
            </Label>
        </Node>
        
        
        <Node height="40.0" id="2674" type="petri net transition" width="40.0" x="100.0" y="100.0">
            <Label>
                Keep in the Applicant pool
                confirm establish country
            </Label>
        </Node>
        
        
        <Node height="40.0" id="2675" type="petri net transition" width="40.0" x="100.0" y="100.0">
            <Label>
                Take Aptitude test
                confirm establish country
            </Label>
        </Node>
        
        
        <Node height="40.0" id="2676" type="petri net transition" width="40.0" x="100.0" y="100.0">
            <Label>
                Rank Students according to GPA and the test results
                confirm establish country
            </Label>
        </Node>
        
        
        <Node height="40.0" id="2679" type="petri net transition" width="40.0" x="100.0" y="100.0">
            <Label>
                Pay for Aptitude test
                test invitation application
            </Label>
        </Node>
        
        
        <Node height="40.0" id="2683" type="petri net transition" width="40.0" x="100.0" y="100.0">
            <Label>
                Acceptance
                revoque rejection bad
            </Label>
        </Node>
        
        
        <Node height="40.0" id="2684" type="petri net transition" width="40.0" x="100.0" y="100.0">
            <Label>
                Send letter of rejection
                repulse paper document
            </Label>
        </Node>
        
    </Process>
    
    
    <Process id="83" name="Frankfurt" type="Petri Netz">
        
        <Node height="40.0" id="2687" type="petri net transition" width="40.0" x="100.0" y="100.0">
            <Label>
                average grade is good or better
                level degree confirm
            </Label>
        </Node>
        
        
        <Node height="40.0" id="2688" type="petri net transition" width="40.0" x="100.0" y="100.0">
            <Label>
                sufficient cp in mathematics
                sufficient take oral exam evaluate
            </Label>
        </Node>
        
        
        <Node height="40.0" id="2689" type="petri net transition" width="40.0" x="100.0" y="100.0">
            <Label>
                average grade is less than good
                average grade good better
            </Label>
        </Node>
        
        
        <Node height="40.0" id="2690" type="petri net transition" width="40.0" x="100.0" y="100.0">
            <Label>
                send documents by post
                email document letter
            </Label>
        </Node>
        
        
        <Node height="40.0" id="2691" type="petri net transition" width="40.0" x="100.0" y="100.0">
            <Label>
                apply online
                confirm establish country
            </Label>
        </Node>
        
        
        <Node height="40.0" id="2692" type="petri net transition" width="40.0" x="100.0" y="100.0">
            <Label>
                provisional acceptance confirmed
                applicant accepted evaluation
            </Label>
        </Node>
        
        
        <Node height="40.0" id="2693" type="petri net transition" width="40.0" x="100.0" y="100.0">
            <Label>
                provisional acceptance cancelled
                average grade good better acceptance confirmed
            </Label>
        </Node>
        
        
        <Node height="40.0" id="2694" type="petri net transition" width="40.0" x="100.0" y="100.0">
            <Label>
                send letter of acceptance
                send letter rejection acceptance
            </Label>
        </Node>
        
        
        <Node height="40.0" id="2695" type="petri net transition" width="40.0" x="100.0" y="100.0">
            <Label>
                send letter of provisional acceptance
                process result degree
            </Label>
        </Node>
        
        
        <Node height="40.0" id="2696" type="petri net transition" width="40.0" x="100.0" y="100.0">
            <Label>
                accepted
                letter applicant invite
            </Label>
        </Node>
        
        
        <Node height="40.0" id="2697" type="petri net transition" width="40.0" x="100.0" y="100.0">
            <Label>
                rejected
                unacceptable reject deny
            </Label>
        </Node>
        
        
        <Node height="40.0" id="2698" type="petri net transition" width="40.0" x="100.0" y="100.0">
            <Label>
                accepted provisionally
                confirm establish country
            </Label>
        </Node>
        
        
        <Node height="40.0" id="2699" type="petri net transition" width="40.0" x="100.0" y="100.0">
            <Label>
                wait for bachelor's certificate
                documents accepted degrees
            </Label>
        </Node>
        
        
        <Node height="40.0" id="2700" type="petri net transition" width="40.0" x="100.0" y="100.0">
            <Label>
                certificate received
                send certificate email
            </Label>
        </Node>
        
        
        <Node height="40.0" id="2701" type="petri net transition" width="40.0" x="100.0" y="100.0">
            <Label>
                send bachelor's certificate
                process evaluation result
            </Label>
        </Node>
        
        
        <Node height="40.0" id="2702" type="petri net transition" width="40.0" x="100.0" y="100.0">
            <Label>
                certificate received
                email send certificate
            </Label>
        </Node>
        
        
        <Node height="40.0" id="2703" type="petri net transition" width="40.0" x="100.0" y="100.0">
            <Label>
                check certificate
                certification recommendation validation
            </Label>
        </Node>
        
        
        <Node height="40.0" id="2704" type="petri net transition" width="40.0" x="100.0" y="100.0">
            <Label>
                less than 16 cp in mathematics
                math exam school
            </Label>
        </Node>
        
        
        <Node height="40.0" id="2705" type="petri net transition" width="40.0" x="100.0" y="100.0">
            <Label>
                take oral exam
                revoque rejection bad
            </Label>
        </Node>
        
        
        <Node height="40.0" id="2706" type="petri net transition" width="40.0" x="100.0" y="100.0">
            <Label>
                documents received
                mail papers destination
            </Label>
        </Node>
        
        
        <Node height="40.0" id="2707" type="petri net transition" width="40.0" x="100.0" y="100.0">
            <Label>
                check documents
                documents information application
            </Label>
        </Node>
        
        
        <Node height="40.0" id="2708" type="petri net transition" width="40.0" x="100.0" y="100.0">
            <Label>
                evaluate
                result marks validate
            </Label>
        </Node>
        
        
        <Node height="40.0" id="2709" type="petri net transition" width="40.0" x="100.0" y="100.0">
            <Label>
                send letter of rejection
                letter rejected accepted
            </Label>
        </Node>
        
    </Process>
    
    
    <Process id="84" name="FU Berlin" type="Petri Netz">
        
        <Node height="40.0" id="2710" type="petri net transition" width="40.0" x="100.0" y="100.0">
            <Label>
                complete and in time?
                timely completion deadline
            </Label>
        </Node>
        
        
        <Node height="40.0" id="2711" type="petri net transition" width="40.0" x="100.0" y="100.0">
            <Label>
                hand application over to examining board
                executive board verification
            </Label>
        </Node>
        
        
        <Node height="40.0" id="2712" type="petri net transition" width="40.0" x="100.0" y="100.0">
            <Label>
                check if bachelor is sufficient
                degree establish confirm
            </Label>
        </Node>
        
        
        <Node height="40.0" id="2713" type="petri net transition" width="40.0" x="100.0" y="100.0">
            <Label>
                set additional requirements
                hand application examining board
            </Label>
        </Node>
        
        
        <Node height="40.0" id="2714" type="petri net transition" width="40.0" x="100.0" y="100.0">
            <Label>
                check if bachelors-grade within top 85%
                eligible screening interview
            </Label>
        </Node>
        
        
        <Node height="40.0" id="2715" type="petri net transition" width="40.0" x="100.0" y="100.0">
            <Label>
                check application complete
                send receive check application complete valid confirm
            </Label>
        </Node>
        
        
        <Node height="40.0" id="2716" type="petri net transition" width="40.0" x="100.0" y="100.0">
            <Label>
                add certificate of bachelor degree
                revoque rejection bad
            </Label>
        </Node>
        
        
        <Node height="40.0" id="2717" type="petri net transition" width="40.0" x="100.0" y="100.0">
            <Label>
                check application in time
                hours minutes seconds
            </Label>
        </Node>
        
        
        <Node height="40.0" id="2718" type="petri net transition" width="40.0" x="100.0" y="100.0">
            <Label>
                german?
                language translate german
            </Label>
        </Node>
        
        
        <Node height="40.0" id="2719" type="petri net transition" width="40.0" x="100.0" y="100.0">
            <Label>
                receive application
                job interview apply
            </Label>
        </Node>
        
        
        <Node height="40.0" id="2720" type="petri net transition" width="40.0" x="100.0" y="100.0">
            <Label>
                send application
                request petition requisition
            </Label>
        </Node>
        
        
        <Node height="40.0" id="2721" type="petri net transition" width="40.0" x="100.0" y="100.0">
            <Label>
                receive rejection
                reject accept fail
            </Label>
        </Node>
        
        
        <Node height="40.0" id="2722" type="petri net transition" width="40.0" x="100.0" y="100.0">
            <Label>
                add certificate of german language
                application certificate form
            </Label>
        </Node>
        
        
        <Node height="40.0" id="2723" type="petri net transition" width="40.0" x="100.0" y="100.0">
            <Label>
                receive acceptance
                send acceptance rejection receive immatriculate
            </Label>
        </Node>
        
        
        <Node height="40.0" id="2724" type="petri net transition" width="40.0" x="100.0" y="100.0">
            <Label>
                immatriculate
                processed registrar enroll
            </Label>
        </Node>
        
        
        <Node height="40.0" id="2725" type="petri net transition" width="40.0" x="100.0" y="100.0">
            <Label>
                invite for talk
                interview invitation groundcheck
            </Label>
        </Node>
        
        
        <Node height="40.0" id="2726" type="petri net transition" width="40.0" x="100.0" y="100.0">
            <Label>
                talk to applicant
                conversation entrance evaluation
            </Label>
        </Node>
        
        
        <Node height="40.0" id="2727" type="petri net transition" width="40.0" x="100.0" y="100.0">
            <Label>
                document
                evaluation applicant test
            </Label>
        </Node>
        
        
        <Node height="40.0" id="2728" type="petri net transition" width="40.0" x="100.0" y="100.0">
            <Label>
                rank with other applicants
                document rank applicants rejection
            </Label>
        </Node>
        
        
        <Node height="40.0" id="2729" type="petri net transition" width="40.0" x="100.0" y="100.0">
            <Label>
                send acceptance
                send email accept
            </Label>
        </Node>
        
        
        <Node height="40.0" id="2730" type="petri net transition" width="40.0" x="100.0" y="100.0">
            <Label>
                complete application
                finish success fulfill
            </Label>
        </Node>
        
        
        <Node height="40.0" id="2731" type="petri net transition" width="40.0" x="100.0" y="100.0">
            <Label>
                send rejection
                denial document process
            </Label>
        </Node>
        
        
        <Node height="40.0" id="2732" type="petri net transition" width="40.0" x="100.0" y="100.0">
            <Label>
                fill out application form
                mother tongue nationality process
            </Label>
        </Node>
        
    </Process>
    
    
    <Process id="89" name="TU Munich" type="Petri Netz">
        
        <Node height="40.0" id="2883" type="petri net transition" width="40.0" x="100.0" y="100.0">
            <Label>
                rejected
                denial negation negative
            </Label>
        </Node>
        
        
        <Node height="40.0" id="2884" type="petri net transition" width="40.0" x="100.0" y="100.0">
            <Label>
                documents received
                exhibit paper taken
            </Label>
        </Node>
        
        
        <Node height="40.0" id="2885" type="petri net transition" width="40.0" x="100.0" y="100.0">
            <Label>
                send documents by post
                documentation postal mail docs
            </Label>
        </Node>
        
        
        <Node height="40.0" id="2886" type="petri net transition" width="40.0" x="100.0" y="100.0">
            <Label>
                apply online
                revoque rejection bad
            </Label>
        </Node>
        
        
        <Node height="40.0" id="2887" type="petri net transition" width="40.0" x="100.0" y="100.0">
            <Label>
                evaluate
                verification process result
            </Label>
        </Node>
        
        
        <Node height="40.0" id="2888" type="petri net transition" width="40.0" x="100.0" y="100.0">
            <Label>
                send letter of acceptance
                letter send accept
            </Label>
        </Node>
        
        
        <Node height="40.0" id="2889" type="petri net transition" width="40.0" x="100.0" y="100.0">
            <Label>
                send letter of rejection
                send rejection acceptance rejected
            </Label>
        </Node>
        
        
        <Node height="40.0" id="2890" type="petri net transition" width="40.0" x="100.0" y="100.0">
            <Label>
                send interview invitation
                meeting camera confirm place
            </Label>
        </Node>
        
        
        <Node height="40.0" id="2891" type="petri net transition" width="40.0" x="100.0" y="100.0">
            <Label>
                conduct interview
                interviewer nomenee talk
            </Label>
        </Node>
        
        
        <Node height="40.0" id="2892" type="petri net transition" width="40.0" x="100.0" y="100.0">
            <Label>
                go to interview
                job interview participation work
            </Label>
        </Node>
        
        
        <Node height="40.0" id="2893" type="petri net transition" width="40.0" x="100.0" y="100.0">
            <Label>
                rejected
                revoque rejection bad
            </Label>
        </Node>
        
        
        <Node height="40.0" id="2894" type="petri net transition" width="40.0" x="100.0" y="100.0">
            <Label>
                check bachelor's degree
                apply send documents confirm graduation degree
            </Label>
        </Node>
        
        
        <Node height="40.0" id="2895" type="petri net transition" width="40.0" x="100.0" y="100.0">
            <Label>
                bridging courses &gt; 30 cp
                progress grade rhumb
            </Label>
        </Node>
        
        
        <Node height="40.0" id="2896" type="petri net transition" width="40.0" x="100.0" y="100.0">
            <Label>
                bridging courses &lt; 30 cp
                avance path bridge
            </Label>
        </Node>
        
        
        <Node height="40.0" id="2897" type="petri net transition" width="40.0" x="100.0" y="100.0">
            <Label>
                check documents
                validate confirm verify
            </Label>
        </Node>
        
        
        <Node height="40.0" id="2898" type="petri net transition" width="40.0" x="100.0" y="100.0">
            <Label>
                forward documents
                move ahead papers
            </Label>
        </Node>
        
        
        <Node height="40.0" id="2899" type="petri net transition" width="40.0" x="100.0" y="100.0">
            <Label>
                documents received
                passing merit evaluation process
            </Label>
        </Node>
        
    </Process>
    
</Processes>