<?xml version="1.0" encoding="UTF-8"?>
<Processes>
    
    <Process id="82" name="Cologne" type="Petri Netz">
        
        <Node height="40.0" id="2667" type="petri net transition" width="40.0" x="100.0" y="100.0">
            <Label>
                Apply Online
                send papers provide
                use utilize employ
                apply internet stablish
            </Label>
        </Node>
        
        
        <Node height="40.0" id="2668" type="petri net transition" width="40.0" x="100.0" y="100.0">
            <Label>
                Send Online Protocol
                apply online send protocol
                forward papers via internet
                gdfjvsdhj sdgffsdh sdgfhsd
            </Label>
        </Node>
        
        
        <Node height="40.0" id="2669" type="petri net transition" width="40.0" x="100.0" y="100.0">
            <Label>
                Send Documents by Post
                mail papers office
                send accept reward
                mail papers forward
            </Label>
        </Node>
        
        
        <Node height="40.0" id="2670" type="petri net transition" width="40.0" x="100.0" y="100.0">
            <Label>
                Documents received
                send online protocol documents
                papers come get
                djfsdhgfs sdgfshgd sdgfshdg
            </Label>
        </Node>
        
        
        <Node height="40.0" id="2671" type="petri net transition" width="40.0" x="100.0" y="100.0">
            <Label>
                Check Documents
                send documents post check evaluate
                check verify control
                send letter rejection
            </Label>
        </Node>
        
        
        <Node height="40.0" id="2672" type="petri net transition" width="40.0" x="100.0" y="100.0">
            <Label>
                Evaluate
                validate confirm address
                examine papers count
                send documents check received
            </Label>
        </Node>
        
        
        <Node height="40.0" id="2673" type="petri net transition" width="40.0" x="100.0" y="100.0">
            <Label>
                Invite to an aptitude test
                invitation test failure
                testing class teacher
                paying working testing
            </Label>
        </Node>
        
        
        <Node height="40.0" id="2674" type="petri net transition" width="40.0" x="100.0" y="100.0">
            <Label>
                Keep in the Applicant pool
                confirm establish country
                process examinations payments
                group rest stay
            </Label>
        </Node>
        
        
        <Node height="40.0" id="2675" type="petri net transition" width="40.0" x="100.0" y="100.0">
            <Label>
                Take Aptitude test
                confirm establish country
                process examinations payments
                abilities confirm establish
            </Label>
        </Node>
        
        
        <Node height="40.0" id="2676" type="petri net transition" width="40.0" x="100.0" y="100.0">
            <Label>
                Rank Students according to GPA and the test results
                confirm establish country
                process rankings results
                list position place
            </Label>
        </Node>
        
        
        <Node height="40.0" id="2679" type="petri net transition" width="40.0" x="100.0" y="100.0">
            <Label>
                Pay for Aptitude test
                test invitation application
                price money procedure
                pay aptitude test
            </Label>
        </Node>
        
        
        <Node height="40.0" id="2683" type="petri net transition" width="40.0" x="100.0" y="100.0">
            <Label>
                Acceptance
                revoque rejection bad
                result acceptance procedure
                dsfsdg dffdhd dfhdfhd
            </Label>
        </Node>
        
        
        <Node height="40.0" id="2684" type="petri net transition" width="40.0" x="100.0" y="100.0">
            <Label>
                Send letter of rejection
                repulse paper document
                dsfsdfsd sdfsdfsd sdfsdf
                rank students acceptance rejection
            </Label>
        </Node>
        
    </Process>
    
    
    <Process id="83" name="Frankfurt" type="Petri Netz">
        
        <Node height="40.0" id="2687" type="petri net transition" width="40.0" x="100.0" y="100.0">
            <Label>
                average grade is good or better
                level degree confirm
                performance action level
                best count number
            </Label>
        </Node>
        
        
        <Node height="40.0" id="2688" type="petri net transition" width="40.0" x="100.0" y="100.0">
            <Label>
                sufficient cp in mathematics
                sufficient take oral exam evaluate
                sdfsdfsd sdfsdfsd sdfsdfsd
                cp mathematics exam
            </Label>
        </Node>
        
        
        <Node height="40.0" id="2689" type="petri net transition" width="40.0" x="100.0" y="100.0">
            <Label>
                average grade is less than good
                average grade good better
                standing rate rank
                dhfsdhg sdfgfsdgfysd sdhgsdjgf
            </Label>
        </Node>
        
        
        <Node height="40.0" id="2690" type="petri net transition" width="40.0" x="100.0" y="100.0">
            <Label>
                send documents by post
                email document letter
                forward credentials mail
                office money slow
            </Label>
        </Node>
        
        
        <Node height="40.0" id="2691" type="petri net transition" width="40.0" x="100.0" y="100.0">
            <Label>
                apply online
                confirm establish country
                process results evaluation
                send papers internet
            </Label>
        </Node>
        
        
        <Node height="40.0" id="2692" type="petri net transition" width="40.0" x="100.0" y="100.0">
            <Label>
                provisional acceptance confirmed
                applicant accepted evaluation
                sdsdgs sdsdg gsdsdgsd
                average grade less than good better
            </Label>
        </Node>
        
        
        <Node height="40.0" id="2693" type="petri net transition" width="40.0" x="100.0" y="100.0">
            <Label>
                provisional acceptance cancelled
                average grade good better acceptance confirmed
                reject preliminary no
                saddhfyd dfsdhgf sdgusdgf
            </Label>
        </Node>
        
        
        <Node height="40.0" id="2694" type="petri net transition" width="40.0" x="100.0" y="100.0">
            <Label>
                send letter of acceptance
                send letter rejection acceptance
                sdfsdf sdfsdfsd sdfsdfsdf
                send letter accept
            </Label>
        </Node>
        
        
        <Node height="40.0" id="2695" type="petri net transition" width="40.0" x="100.0" y="100.0">
            <Label>
                send letter of provisional acceptance
                process result degree
                forward papers preliminary
                submit requirements approval written document applicability
            </Label>
        </Node>
        
        
        <Node height="40.0" id="2696" type="petri net transition" width="40.0" x="100.0" y="100.0">
            <Label>
                accepted
                letter applicant invite
                ffdfh yrryry yyryryr
                send letter of rejection acceptance rejected accepted
            </Label>
        </Node>
        
        
        <Node height="40.0" id="2697" type="petri net transition" width="40.0" x="100.0" y="100.0">
            <Label>
                rejected
                unacceptable reject deny
                rejected reject discard
                send letter of rejection acceptance rejected accepted
            </Label>
        </Node>
        
        
        <Node height="40.0" id="2698" type="petri net transition" width="40.0" x="100.0" y="100.0">
            <Label>
                accepted provisionally
                confirm establish country
                process evaluation results
                preliminary acceptance prior
            </Label>
        </Node>
        
        
        <Node height="40.0" id="2699" type="petri net transition" width="40.0" x="100.0" y="100.0">
            <Label>
                wait for bachelor's certificate
                documents accepted degrees
                dfsdfsds sdfggdsg gfgsfdsdgsd
                send letter of provisional acceptance
            </Label>
        </Node>
        
        
        <Node height="40.0" id="2700" type="petri net transition" width="40.0" x="100.0" y="100.0">
            <Label>
                certificate received
                send certificate email
                authentic diploma bagged
                check verify authenticate
            </Label>
        </Node>
        
        
        <Node height="40.0" id="2701" type="petri net transition" width="40.0" x="100.0" y="100.0">
            <Label>
                send bachelor's certificate
                process evaluation result
                forward papers degree
                submit university degree proof
            </Label>
        </Node>
        
        
        <Node height="40.0" id="2702" type="petri net transition" width="40.0" x="100.0" y="100.0">
            <Label>
                certificate received
                email send certificate
                documents acquired confirmed
                verify establish proof
            </Label>
        </Node>
        
        
        <Node height="40.0" id="2703" type="petri net transition" width="40.0" x="100.0" y="100.0">
            <Label>
                check certificate
                certification recommendation validation
                checking documents licence
                driving licence confirm
            </Label>
        </Node>
        
        
        <Node height="40.0" id="2704" type="petri net transition" width="40.0" x="100.0" y="100.0">
            <Label>
                less than 16 cp in mathematics
                math exam school
                rating points subject
                pay aptitude test
            </Label>
        </Node>
        
        
        <Node height="40.0" id="2705" type="petri net transition" width="40.0" x="100.0" y="100.0">
            <Label>
                take oral exam
                revoque rejection bad
                reexamination passing cp result
                fsdgfstd sdgfjgsdf sdgfhjsgdfs
            </Label>
        </Node>
        
        
        <Node height="40.0" id="2706" type="petri net transition" width="40.0" x="100.0" y="100.0">
            <Label>
                documents received
                mail papers destination
                received receive accept
                papers arrive come
            </Label>
        </Node>
        
        
        <Node height="40.0" id="2707" type="petri net transition" width="40.0" x="100.0" y="100.0">
            <Label>
                check documents
                documents information application
                examine papers data
                pay aptitude test
            </Label>
        </Node>
        
        
        <Node height="40.0" id="2708" type="petri net transition" width="40.0" x="100.0" y="100.0">
            <Label>
                evaluate
                result marks validate
                examine check estimate
                sufficient take oral exam
            </Label>
        </Node>
        
        
        <Node height="40.0" id="2709" type="petri net transition" width="40.0" x="100.0" y="100.0">
            <Label>
                send letter of rejection
                letter rejected accepted
                rejection reject refusal
                send letter rejection
            </Label>
        </Node>
        
    </Process>
    
    
    <Process id="84" name="FU Berlin" type="Petri Netz">
        
        <Node height="40.0" id="2710" type="petri net transition" width="40.0" x="100.0" y="100.0">
            <Label>
                complete and in time?
                timely completion deadline
                complete fillin implement
                receive application check complete in time and hand over to examining board if bachelor is sufficent
            </Label>
        </Node>
        
        
        <Node height="40.0" id="2711" type="petri net transition" width="40.0" x="100.0" y="100.0">
            <Label>
                hand application over to examining board
                executive board verification
                provide papers authorities
                check application complete bachelor
            </Label>
        </Node>
        
        
        <Node height="40.0" id="2712" type="petri net transition" width="40.0" x="100.0" y="100.0">
            <Label>
                check if bachelor is sufficient
                degree establish confirm
                certify inquire necessary
                confirm student enough
            </Label>
        </Node>
        
        
        <Node height="40.0" id="2713" type="petri net transition" width="40.0" x="100.0" y="100.0">
            <Label>
                set additional requirements
                hand application examining board
                more criteria propose
                vfsdgfgsd dgfsdfsd sdfgsd
            </Label>
        </Node>
        
        
        <Node height="40.0" id="2714" type="petri net transition" width="40.0" x="100.0" y="100.0">
            <Label>
                check if bachelors-grade within top 85%
                eligible screening interview
                find examine check
                send letter rejection
            </Label>
        </Node>
        
        
        <Node height="40.0" id="2715" type="petri net transition" width="40.0" x="100.0" y="100.0">
            <Label>
                check application complete
                send receive check application complete valid confirm
                find check control
                send letter rejection
            </Label>
        </Node>
        
        
        <Node height="40.0" id="2716" type="petri net transition" width="40.0" x="100.0" y="100.0">
            <Label>
                add certificate of bachelor degree
                revoque rejection bad
                mother tongue nationality
                dsgdfhfd fdhdrhfd dfgdfhdf
            </Label>
        </Node>
        
        
        <Node height="40.0" id="2717" type="petri net transition" width="40.0" x="100.0" y="100.0">
            <Label>
                check application in time
                hours minutes seconds
                examine fulfill papers
                send application receive complete
            </Label>
        </Node>
        
        
        <Node height="40.0" id="2718" type="petri net transition" width="40.0" x="100.0" y="100.0">
            <Label>
                german?
                language translate german
                german germanic germane
                complete application german
            </Label>
        </Node>
        
        
        <Node height="40.0" id="2719" type="petri net transition" width="40.0" x="100.0" y="100.0">
            <Label>
                receive application
                job interview apply
                receive coming documents
                working application sending
            </Label>
        </Node>
        
        
        <Node height="40.0" id="2720" type="petri net transition" width="40.0" x="100.0" y="100.0">
            <Label>
                send application
                request petition requisition
                dsafsdfsd dfsdfd sdfsdfsss
                fill out application form send
            </Label>
        </Node>
        
        
        <Node height="40.0" id="2721" type="petri net transition" width="40.0" x="100.0" y="100.0">
            <Label>
                receive rejection
                reject accept fail
                email coming document
                working doing testing
            </Label>
        </Node>
        
        
        <Node height="40.0" id="2722" type="petri net transition" width="40.0" x="100.0" y="100.0">
            <Label>
                add certificate of german language
                application certificate form
                provide papers foreign
                pay aptitude test
            </Label>
        </Node>
        
        
        <Node height="40.0" id="2723" type="petri net transition" width="40.0" x="100.0" y="100.0">
            <Label>
                receive acceptance
                send acceptance rejection receive immatriculate
                dsfsdfsdm dfsdfsdf sdfsdfsd
                send acceptance immatriculate
            </Label>
        </Node>
        
        
        <Node height="40.0" id="2724" type="petri net transition" width="40.0" x="100.0" y="100.0">
            <Label>
                immatriculate
                processed registrar enroll
                immatriculate immatriculate immatriculate
                send rejection acceptance receive immatriculate
            </Label>
        </Node>
        
        
        <Node height="40.0" id="2725" type="petri net transition" width="40.0" x="100.0" y="100.0">
            <Label>
                invite for talk
                interview invitation groundcheck
                speak conversion room
                talking walking eating
            </Label>
        </Node>
        
        
        <Node height="40.0" id="2726" type="petri net transition" width="40.0" x="100.0" y="100.0">
            <Label>
                talk to applicant
                conversation entrance evaluation
                sdgsgs sgfhh fhgfhgf
                check if bachelors grade invite for talk
            </Label>
        </Node>
        
        
        <Node height="40.0" id="2727" type="petri net transition" width="40.0" x="100.0" y="100.0">
            <Label>
                document
                evaluation applicant test
                wewerwe werwerw werwerwe
                invite for talk applicant document rank with others
            </Label>
        </Node>
        
        
        <Node height="40.0" id="2728" type="petri net transition" width="40.0" x="100.0" y="100.0">
            <Label>
                rank with other applicants
                document rank applicants rejection
                sdfsdfsd sdfsdfsd sdfsdfs
                rank applicants others
            </Label>
        </Node>
        
        
        <Node height="40.0" id="2729" type="petri net transition" width="40.0" x="100.0" y="100.0">
            <Label>
                send acceptance
                send email accept
                forward acceptance article
                write enclose post
            </Label>
        </Node>
        
        
        <Node height="40.0" id="2730" type="petri net transition" width="40.0" x="100.0" y="100.0">
            <Label>
                complete application
                finish success fulfill
                finished ended evaluation
                aplicate finish learn
            </Label>
        </Node>
        
        
        <Node height="40.0" id="2731" type="petri net transition" width="40.0" x="100.0" y="100.0">
            <Label>
                send rejection
                denial document process
                send forward dispatch
                forward deny reject
            </Label>
        </Node>
        
        
        <Node height="40.0" id="2732" type="petri net transition" width="40.0" x="100.0" y="100.0">
            <Label>
                fill out application form
                mother tongue nationality process
                papers write insert data
                complete data documentation personal
            </Label>
        </Node>
        
    </Process>
    
    
    <Process id="89" name="TU Munich" type="Petri Netz">
        
        <Node height="40.0" id="2883" type="petri net transition" width="40.0" x="100.0" y="100.0">
            <Label>
                rejected
                denial negation negative
                rejected reject accept
                deny disqualify off
            </Label>
        </Node>
        
        
        <Node height="40.0" id="2884" type="petri net transition" width="40.0" x="100.0" y="100.0">
            <Label>
                documents received
                exhibit paper taken
                fsdfsdfsd dsfsdfsd sdfsdfs
                apply online send documents post received
            </Label>
        </Node>
        
        
        <Node height="40.0" id="2885" type="petri net transition" width="40.0" x="100.0" y="100.0">
            <Label>
                send documents by post
                documentation postal mail docs
                send forward dispatch
                apply online send documents received
            </Label>
        </Node>
        
        
        <Node height="40.0" id="2886" type="petri net transition" width="40.0" x="100.0" y="100.0">
            <Label>
                apply online
                revoque rejection bad
                procedure application form
                networked wired accessible
            </Label>
        </Node>
        
        
        <Node height="40.0" id="2887" type="petri net transition" width="40.0" x="100.0" y="100.0">
            <Label>
                evaluate
                verification process result
                examine estimate check
                review scrutinize analyze
            </Label>
        </Node>
        
        
        <Node height="40.0" id="2888" type="petri net transition" width="40.0" x="100.0" y="100.0">
            <Label>
                send letter of acceptance
                letter send accept
                forward note acceptance
                written neatly legible
            </Label>
        </Node>
        
        
        <Node height="40.0" id="2889" type="petri net transition" width="40.0" x="100.0" y="100.0">
            <Label>
                send letter of rejection
                send rejection acceptance rejected
                dsfsdfsd sdfsdfsd fssdf
                accept letter rejec
            </Label>
        </Node>
        
        
        <Node height="40.0" id="2890" type="petri net transition" width="40.0" x="100.0" y="100.0">
            <Label>
                send interview invitation
                meeting camera confirm place
                transmit give audience invite
                order consign refer
            </Label>
        </Node>
        
        
        <Node height="40.0" id="2891" type="petri net transition" width="40.0" x="100.0" y="100.0">
            <Label>
                conduct interview
                interviewer nomenee talk
                do execute conversational
                drive talk ask
            </Label>
        </Node>
        
        
        <Node height="40.0" id="2892" type="petri net transition" width="40.0" x="100.0" y="100.0">
            <Label>
                go to interview
                job interview participation work
                arrive questions interviewer
                pay aptitude test
            </Label>
        </Node>
        
        
        <Node height="40.0" id="2893" type="petri net transition" width="40.0" x="100.0" y="100.0">
            <Label>
                rejected
                revoque rejection bad
                confirm result procedure
                dhksjhgjks jgsjdhgsf gdfjgsduf
            </Label>
        </Node>
        
        
        <Node height="40.0" id="2894" type="petri net transition" width="40.0" x="100.0" y="100.0">
            <Label>
                check bachelor's degree
                apply send documents confirm graduation degree
                control check find
                send letter rejection
            </Label>
        </Node>
        
        
        <Node height="40.0" id="2895" type="petri net transition" width="40.0" x="100.0" y="100.0">
            <Label>
                bridging courses &gt; 30 cp
                progress grade rhumb
                fdsfsd sdfsdfsd dsfsdfsd
                documents received bridging evaluate
            </Label>
        </Node>
        
        
        <Node height="40.0" id="2896" type="petri net transition" width="40.0" x="100.0" y="100.0">
            <Label>
                bridging courses &lt; 30 cp
                avance path bridge
                dsfsdfs sdfsdfsd sdfsdfsd
                bridging check documents forward
            </Label>
        </Node>
        
        
        <Node height="40.0" id="2897" type="petri net transition" width="40.0" x="100.0" y="100.0">
            <Label>
                check documents
                validate confirm verify
                papers confirm verify
                check documents forward received
            </Label>
        </Node>
        
        
        <Node height="40.0" id="2898" type="petri net transition" width="40.0" x="100.0" y="100.0">
            <Label>
                forward documents
                move ahead papers
                forward send dispatch
                send papers provide
            </Label>
        </Node>
        
        
        <Node height="40.0" id="2899" type="petri net transition" width="40.0" x="100.0" y="100.0">
            <Label>
                documents received
                passing merit evaluation process
                papers arrive come
                papers submitted delivered
            </Label>
        </Node>
        
    </Process>
    
</Processes>